{
  "experiment_id": "exp_018a",
  "experiment_name": "texture_specialist_oof",
  "fold": 2,
  "target_taxa": [
    "Amphibia",
    "Insecta"
  ],
  "target_classes": [
    "1161364",
    "1176823",
    "1491113",
    "1595929",
    "22930",
    "22956",
    "22961",
    "22967",
    "22973",
    "22983",
    "22985",
    "23150",
    "23154",
    "23158",
    "23176",
    "23724",
    "24279",
    "24285",
    "24287",
    "24321",
    "244024",
    "25073",
    "25092",
    "25214",
    "326272",
    "47158son01",
    "47158son02",
    "47158son03",
    "47158son04",
    "47158son05",
    "47158son06",
    "47158son07",
    "47158son08",
    "47158son09",
    "47158son10",
    "47158son11",
    "47158son12",
    "47158son13",
    "47158son14",
    "47158son15",
    "47158son16",
    "47158son17",
    "47158son18",
    "47158son19",
    "47158son20",
    "47158son21",
    "47158son22",
    "47158son23",
    "47158son24",
    "47158son25",
    "476521",
    "517063",
    "555123",
    "555145",
    "555146",
    "64898",
    "65377",
    "65380",
    "66971",
    "67107",
    "67252",
    "70711",
    "760266"
  ],
  "n_target_classes": 63,
  "best_epoch": 7,
  "best_selection_metric": 0.791377649399117,
  "best_macro_auc": 0.9527473336148032,
  "best_target_soundscape_macro_auc": 0.791377649399117,
  "scored_classes": 41,
  "target_soundscape_scored_classes": 18,
  "best_valid_loss": 0.03414181479408095,
  "train_rows": 780,
  "valid_rows": 237,
  "train_soundscape_rows": 279,
  "valid_soundscape_rows": 88,
  "resume_mode": "see_history_or_init",
  "output_dir": "/Users/yaroslav/Documents/Kaggle/BirdCLEF_2026/experiments/outputs/exp_018a_texture_specialist_oof/fold_02",
  "model_name": "hgnetv2_b0.ssld_stage2_ft_in1k",
  "device": "mps"
}