variant,macro_auc,texture_macro_auc,scored_classes,texture_scored_classes
teacher_exp015d,0.9964723302655292,0.9958434292356916,43,30
student_exp027b,0.9610550772798211,0.9582944669911316,43,30
