taxon,teacher_macro_auc,student_macro_auc,best_blend_macro_auc,teacher_scored_classes,student_scored_classes,blend_scored_classes
Reptilia,1.0,0.9457831325301205,1.0,1,1,1
Aves,0.997901234031546,0.9691307891607486,0.997901234031546,11,11,11
Amphibia,0.9969781582156901,0.9235515931924556,0.9969781582156901,14,14,14
Mammalia,0.99609375,0.9703125,0.99609375,1,1,1
Insecta,0.9948505413781928,0.988694481564973,0.9948505413781928,16,16,16
