hour_utc,rows,files,scored_classes,macro_auc
7.0,27,3,12,0.3324635147461234
19.0,36,3,19,0.5026035593663303
21.0,52,8,10,0.5168061715848878
6.0,42,4,14,0.520025819428098
2.0,41,5,12,0.553501699138309
22.0,38,6,10,0.5916277135854342
18.0,12,1,7,0.6401669758812616
23.0,98,9,19,0.6552373211546637
20.0,43,7,13,0.6747826493271838
1.0,39,5,17,0.6898419130116453
3.0,28,4,18,0.696783792339348
4.0,26,3,16,0.7752445652173914
0.0,47,8,17,0.7997978215840992
