w_spec,w_generic,overall_macro_auc_aligned_subset,target_macro_auc,target_soundscape_macro_auc,overall_scored_classes
0.75,0.25,0.8766195444921753,0.8912630030597741,0.7464605658529007,70
1.0,0.0,0.8758131381624322,0.8903669960267262,0.7450348032837641,70
0.5,0.5,0.8756955839294355,0.8902363802122852,0.7447743214059466,70
0.3,0.7,0.8740500569885841,0.8884080169446726,0.7430846644208693,70
0.4,0.6,0.8748556171556441,0.8893030837969615,0.7429688039386828,70
0.2,0.8,0.8723750240219157,0.8865468692039301,0.7413835928876109,70
0.1,0.9,0.8681757650264612,0.8818810258756474,0.739903498126834,70
0.0,1.0,0.8382584690440658,0.8486395858952078,0.7217788066845731,70
