backend,threads,warmup_seconds,rows,mean_seconds,std_seconds,min_seconds,max_seconds,rows_per_second,run_seconds
torch_eager,1,3.2539180840030895,768,48.37168787500074,0.17351589041860085,48.12650337500236,48.50294425000175,15.87705605776297,"[48.126503, 48.485616, 48.502944]"
torch_eager,2,2.9353827919985633,768,47.34784413866631,0.14447012766466769,47.22918795800069,47.551213750004536,16.22037949079117,"[47.229188, 47.263131, 47.551214]"
torch_eager,4,2.9046600420042523,768,46.31192909733363,0.03313317491935434,46.26757670799998,46.34719575000054,16.583200375564076,"[46.321015, 46.267577, 46.347196]"
torch_eager,8,2.9018182499930845,768,45.84536152799895,0.0775418437656292,45.76185812499898,45.948672083999554,16.751967361648187,"[45.948672, 45.825554, 45.761858]"
torchscript_trace,1,2.9628589159983676,768,46.74954020866911,0.0971429341021435,46.66284129200358,46.8851805000013,16.427969057492124,"[46.885181, 46.700599, 46.662841]"
torchscript_trace,2,2.877082541999698,768,45.881556791665695,0.022519892363720227,45.86143016600545,45.912995499995304,16.73875198889297,"[45.912995, 45.870245, 45.86143]"
torchscript_trace,4,2.839442999997118,768,45.43229179133292,0.034243971881927314,45.40070529100194,45.47987645799731,16.904276005431683,"[45.479876, 45.416294, 45.400705]"
torchscript_trace,8,2.808451375000004,768,44.94131275000109,0.009702031939776132,44.92786958299985,44.95041237500118,17.08895341513987,"[44.945656, 44.950412, 44.92787]"
