fold,rows,files,trained_classes_this_fold,macro_auc,texture_macro_auc,scored_classes,texture_scored_classes
0,168,14,50,0.7459300929999534,0.7264589206612756,43,30
1,180,15,45,0.7359189962855878,0.8012873536910828,42,27
2,180,15,47,0.7329634921690551,0.7537687787678578,41,25
3,180,15,45,0.6950823564330122,0.7167439094528846,41,23
