taxon,teacher_macro_auc,clap_macro_auc,best_blend_macro_auc,teacher_scored_classes,clap_scored_classes,blend_scored_classes
Insecta,0.9987682335113219,0.47805855519436524,0.9987682335113219,25,25,25
Amphibia,0.9968403490990617,0.6386974688368959,0.9968403490990617,17,17,17
Mammalia,0.9903238055268272,0.3117520222075593,0.9903238055268272,3,3,3
Reptilia,0.9902600996126176,0.7594908688433868,0.9902600996126176,1,1,1
Aves,0.9853915674782634,0.3755483433798195,0.9853915674782634,25,25,25
