taxon,teacher_macro_auc,smart_macro_auc,best_blend_macro_auc,teacher_scored_classes,smart_scored_classes,blend_scored_classes
Amphibia,0.99736543492579,0.9980800599536866,0.9980800599536866,14,14,14
Aves,0.9922106579332571,0.9970014017255989,0.9970014017255989,53,53,53
Mammalia,0.9903238055268272,0.9983181788658655,0.9983181788658655,3,3,3
Reptilia,0.9902600996126176,0.9733259546209186,0.9733259546209186,1,1,1
Insecta,,,,0,0,0
