variant_name,macro_auc,scored_classes,texture_macro_auc,texture_scored_classes
finetuned_only,0.9969362763665756,71,0.9980800599536866,14
logit_ft80_base20,0.9966376801660065,71,0.9980199846985446,14
prob_ft80_base20,0.996579790773696,71,0.9979994064964636,14
logit_ft70_base30,0.9964841826185621,71,0.9979502323648769,14
prob_ft70_base30,0.9963362152005875,71,0.9979178774282912,14
logit_ft50_base50,0.9960413036889454,71,0.9977406437612935,14
prob_ft50_base50,0.9959664505065884,71,0.9977114765885939,14
baseline_only,0.9942851532813906,71,0.9967453301264779,14
