backend,threads,warmup_seconds,rows,mean_seconds,std_seconds,min_seconds,max_seconds,rows_per_second,run_seconds
torch_eager,1,3.391259583993815,768,48.63305700033379,0.28585850163301374,48.403887333995954,49.03605745800451,15.791727836371233,"[49.036057, 48.403887, 48.459226]"
torch_eager,2,2.9705447500018636,768,47.6239736526671,0.1037816548739284,47.53804200000013,47.76998200000526,16.126331784096926,"[47.769982, 47.538042, 47.563897]"
torch_eager,4,2.924511707999045,768,46.551469888664236,0.46870413606427885,46.176916790995165,47.21235791700019,16.497867883373022,"[47.212358, 46.265135, 46.176917]"
torch_eager,8,2.866900084001827,768,45.75417427766661,0.03923214238704736,45.717744499997934,45.80862995800271,16.78535373273852,"[45.80863, 45.717744, 45.736148]"
torchscript_trace,1,2.9391974579993985,768,46.84599374999622,0.16593496433020252,46.63240687499638,47.03697212499537,16.394144696739666,"[47.036972, 46.868602, 46.632407]"
torchscript_trace,2,2.8650143330014544,768,45.75945888899878,0.03868493991641542,45.70614750000095,45.79675454199605,16.783415246735753,"[45.796755, 45.775475, 45.706148]"
torchscript_trace,4,2.842755915997259,768,45.315382666999845,0.061345702904166445,45.23566012499941,45.38487804200122,16.947887335381214,"[45.384878, 45.32561, 45.23566]"
torchscript_trace,8,2.804685208000592,768,44.898462889335256,0.02436115705397851,44.86832954199781,44.92799279200699,17.105262643243478,"[44.927993, 44.86833, 44.899066]"
